id,perseverance_effort,consistency_interest,true_grit,observed_grit_s,measurement_error,conscientiousness,prior_achievement,social_support,long_term_outcome
1,0.74,0.61,0.688,0.771,0.083,0.70,0.48,0.55,0.88
2,-0.40,0.20,-0.160,-0.238,-0.078,-0.27,-0.31,0.13,-0.24
3,1.12,0.88,1.024,1.106,0.082,1.01,0.84,0.80,1.34
4,0.10,-0.50,-0.140,-0.080,0.060,0.06,0.21,-0.13,0.02
5,-0.83,-0.41,-0.662,-0.747,-0.085,-0.76,-0.60,-0.52,-0.95
6,0.58,0.73,0.640,0.710,0.070,0.61,0.42,0.66,0.82
7,0.32,-0.08,0.160,0.231,0.071,0.28,0.18,0.34,0.36
8,-0.35,-0.70,-0.490,-0.576,-0.086,-0.44,-0.36,-0.28,-0.64
9,0.95,0.46,0.754,0.840,0.086,0.80,0.62,0.82,1.12
10,-0.55,0.03,-0.318,-0.364,-0.046,-0.41,-0.42,0.12,-0.37
